--------------------------------------------------------
-- Archivo creado  - sábado-noviembre-18-2017   
--------------------------------------------------------
DROP VIEW "DBAUSER"."ACCESORIOS";
DROP VIEW "DBAUSER"."ORDERTODISPLAY";
DROP TABLE "DBAUSER"."CLIENTES";
DROP TABLE "DBAUSER"."FACTURA_DETALLE";
DROP TABLE "DBAUSER"."FACTURAS";
DROP TABLE "DBAUSER"."HISTORIAL_VEHICULOS";
DROP TABLE "DBAUSER"."IMPUESTOS";
DROP TABLE "DBAUSER"."OPCIONES";
DROP TABLE "DBAUSER"."PROVEEDORES";
DROP TABLE "DBAUSER"."TIPO_DE_DOCUMENTOS";
DROP TABLE "DBAUSER"."TIPO_DE_VEHICULOS";
DROP TABLE "DBAUSER"."VEHICULOS";
DROP TABLE "DBAUSER"."VENDEDORES";
DROP SEQUENCE "DBAUSER"."ID_CLIENTE";
DROP SEQUENCE "DBAUSER"."ID_FACTURA";
DROP SEQUENCE "DBAUSER"."ID_FACTURA_DETALLE";
DROP SEQUENCE "DBAUSER"."ID_HISTORIAL_VEHICULOS";
DROP SEQUENCE "DBAUSER"."ID_IMPUESTO";
DROP SEQUENCE "DBAUSER"."ID_OPCIONES";
DROP SEQUENCE "DBAUSER"."ID_PROVEEDOR";
DROP SEQUENCE "DBAUSER"."ID_TIPO_DE_DOCUMENTO";
DROP SEQUENCE "DBAUSER"."ID_TIPO_VEHICULO";
DROP SEQUENCE "DBAUSER"."ID_VEHICULO";
DROP SEQUENCE "DBAUSER"."ID_VENDEDOR";
DROP PROCEDURE "DBAUSER"."REORDER_UNITS";
--------------------------------------------------------
--  DDL for View ACCESORIOS
--------------------------------------------------------

  CREATE OR REPLACE FORCE VIEW "DBAUSER"."ACCESORIOS" ("ID_FACTURA", "ID_VENDEDOR", "NOMBRE", "ID_CLIENTE", "Nombre cliente", "ID_VEHICULO", "MARCA", "FABRICANTE", "ID_OPCIONES", "DESCRIPCION") AS 
  select f.id_factura,ve.id_vendedor,ve.nombre,c.id_cliente,c.nombre as "Nombre cliente",v.id_vehiculo,v.marca,v.fabricante,op.id_opciones,op.descripcion
 from facturas f 
 inner join vehiculos v on f.vehiculo_id = v.id_vehiculo 
 inner join clientes c on f.cliente_id = c.id_cliente 
 inner join opciones op  on v.opcion_id = op.id_opciones 
 inner join vendedores ve on f.vendedor_id = ve.id_vendedor
;
--------------------------------------------------------
--  DDL for View ORDERTODISPLAY
--------------------------------------------------------

  CREATE OR REPLACE FORCE VIEW "DBAUSER"."ORDERTODISPLAY" ("ID_OPCIONES", "MARCA", "CODIGO_OPCION", "FABRICANTE", "UNIDADES_DISPONIBLES") AS 
  select o.id_opciones,v.marca,o.codigo_opcion,v.fabricante,o.Unidades_Disponibles
 from vehiculos v 
 inner join opciones o on v.opcion_id=o.id_opciones
 where unidades_disponibles<=5
 order by o.id_opciones
;
--------------------------------------------------------
--  DDL for Table CLIENTES
--------------------------------------------------------

  CREATE TABLE "DBAUSER"."CLIENTES" 
   (	"ID_CLIENTE" NUMBER(*,0), 
	"TIPO_DE_DOCUMENTO_ID" NUMBER(*,0), 
	"NOMBRE" VARCHAR2(100 BYTE), 
	"DIRECCION" VARCHAR2(100 BYTE), 
	"TELEFONO" VARCHAR2(100 BYTE)
   ) ;
--------------------------------------------------------
--  DDL for Table FACTURA_DETALLE
--------------------------------------------------------

  CREATE TABLE "DBAUSER"."FACTURA_DETALLE" 
   (	"ID_FACTURA_DETALLE" NUMBER(*,0), 
	"FACTURA_ID" NUMBER(*,0), 
	"OPCION_ID" NUMBER(*,0), 
	"PRECIO_REGISTRADO" NUMBER(18,2), 
	"CANTIDAD" NUMBER(*,0)
   ) ;
--------------------------------------------------------
--  DDL for Table FACTURAS
--------------------------------------------------------

  CREATE TABLE "DBAUSER"."FACTURAS" 
   (	"ID_FACTURA" NUMBER(*,0), 
	"VEHICULO_ID" NUMBER(*,0), 
	"NOMBRE_CONSESIONARIO" VARCHAR2(50 BYTE), 
	"PRECIO" NUMBER(18,2), 
	"PRECIO_FINAL" NUMBER(18,2), 
	"LIENCIA_MATRICULA" VARCHAR2(250 BYTE), 
	"FIRMA_CLIENTE" VARCHAR2(250 BYTE), 
	"CLIENTE_ID" NUMBER(*,0), 
	"VENDEDOR_ID" NUMBER(*,0), 
	"IMPUESTO_ID" NUMBER(*,0), 
	"FECHA_FACTURA" VARCHAR2(250 BYTE)
   ) ;
--------------------------------------------------------
--  DDL for Table HISTORIAL_VEHICULOS
--------------------------------------------------------

  CREATE TABLE "DBAUSER"."HISTORIAL_VEHICULOS" 
   (	"ID_HISTORIAL_VEHICULOS" NUMBER(*,0), 
	"ESTADO" VARCHAR2(100 BYTE), 
	"OBSERVACION" VARCHAR2(500 BYTE), 
	"FECHA_HISTORIAL_VEHICULOS" DATE, 
	"VEHICULO_ID" NUMBER(*,0)
   ) ;
--------------------------------------------------------
--  DDL for Table IMPUESTOS
--------------------------------------------------------

  CREATE TABLE "DBAUSER"."IMPUESTOS" 
   (	"ID_IMPUESTO" NUMBER(*,0), 
	"DESCRIPCION" VARCHAR2(800 BYTE)
   ) ;
--------------------------------------------------------
--  DDL for Table OPCIONES
--------------------------------------------------------

  CREATE TABLE "DBAUSER"."OPCIONES" 
   (	"ID_OPCIONES" NUMBER(*,0), 
	"CODIGO_OPCION" VARCHAR2(100 BYTE), 
	"DESCRIPCION" VARCHAR2(800 BYTE), 
	"UNIDADES_DISPONIBLES" NUMBER(*,0) DEFAULT (30), 
	"VALOR_VENTA" NUMBER(18,2), 
	"PROVEEDOR_ID" NUMBER(*,0)
   ) ;
--------------------------------------------------------
--  DDL for Table PROVEEDORES
--------------------------------------------------------

  CREATE TABLE "DBAUSER"."PROVEEDORES" 
   (	"ID_PROVEEDOR" NUMBER(*,0), 
	"CODIGO_PROVEEDOR" VARCHAR2(100 BYTE), 
	"DESCRIPCION" VARCHAR2(800 BYTE), 
	"COSTO_FABRICANTE" NUMBER(18,2), 
	"PRECIO_DE_VENTA" NUMBER(18,2), 
	"TIPO_DE_DOCUMENTO_ID" NUMBER(*,0)
   ) ;
--------------------------------------------------------
--  DDL for Table TIPO_DE_DOCUMENTOS
--------------------------------------------------------

  CREATE TABLE "DBAUSER"."TIPO_DE_DOCUMENTOS" 
   (	"ID_TIPO_DE_DOCUMENTO" NUMBER(*,0), 
	"DESCRIPCION" VARCHAR2(800 BYTE)
   ) ;
--------------------------------------------------------
--  DDL for Table TIPO_DE_VEHICULOS
--------------------------------------------------------

  CREATE TABLE "DBAUSER"."TIPO_DE_VEHICULOS" 
   (	"ID_TIPO_VEHICULO" NUMBER(*,0), 
	"DESCRIPCION" VARCHAR2(800 BYTE)
   ) ;
--------------------------------------------------------
--  DDL for Table VEHICULOS
--------------------------------------------------------

  CREATE TABLE "DBAUSER"."VEHICULOS" 
   (	"ID_VEHICULO" NUMBER(*,0), 
	"PLACA" VARCHAR2(20 BYTE), 
	"MODELO" VARCHAR2(50 BYTE), 
	"ANO" VARCHAR2(50 BYTE), 
	"FABRICANTE" VARCHAR2(100 BYTE), 
	"COSTO_CANTIDAD" NUMBER(18,2), 
	"OPCION_ID" NUMBER(*,0), 
	"TIPO_VEHICULO_ID" NUMBER(*,0), 
	"MARCA" VARCHAR2(100 BYTE)
   ) ;
--------------------------------------------------------
--  DDL for Table VENDEDORES
--------------------------------------------------------

  CREATE TABLE "DBAUSER"."VENDEDORES" 
   (	"ID_VENDEDOR" NUMBER(*,0), 
	"TIPO_DE_DOCUMENTO_ID" NUMBER(*,0), 
	"NOMBRE" VARCHAR2(100 BYTE), 
	"ESTADO_VENDEDOR" VARCHAR2(100 BYTE)
   ) ;
--------------------------------------------------------
--  DDL for Sequence ID_CLIENTE
--------------------------------------------------------

   CREATE SEQUENCE  "DBAUSER"."ID_CLIENTE"  MINVALUE 1 MAXVALUE 9999999999999999999999999999 INCREMENT BY 1 START WITH 61 CACHE 20 NOORDER  NOCYCLE ;
--------------------------------------------------------
--  DDL for Sequence ID_FACTURA
--------------------------------------------------------

   CREATE SEQUENCE  "DBAUSER"."ID_FACTURA"  MINVALUE 1 MAXVALUE 9999999999999999999999999999 INCREMENT BY 1 START WITH 41 CACHE 20 NOORDER  NOCYCLE ;
--------------------------------------------------------
--  DDL for Sequence ID_FACTURA_DETALLE
--------------------------------------------------------

   CREATE SEQUENCE  "DBAUSER"."ID_FACTURA_DETALLE"  MINVALUE 1 MAXVALUE 9999999999999999999999999999 INCREMENT BY 1 START WITH 21 CACHE 20 NOORDER  NOCYCLE ;
--------------------------------------------------------
--  DDL for Sequence ID_HISTORIAL_VEHICULOS
--------------------------------------------------------

   CREATE SEQUENCE  "DBAUSER"."ID_HISTORIAL_VEHICULOS"  MINVALUE 1 MAXVALUE 9999999999999999999999999999 INCREMENT BY 1 START WITH 21 CACHE 20 NOORDER  NOCYCLE ;
--------------------------------------------------------
--  DDL for Sequence ID_IMPUESTO
--------------------------------------------------------

   CREATE SEQUENCE  "DBAUSER"."ID_IMPUESTO"  MINVALUE 1 MAXVALUE 9999999999999999999999999999 INCREMENT BY 1 START WITH 1 CACHE 20 NOORDER  NOCYCLE ;
--------------------------------------------------------
--  DDL for Sequence ID_OPCIONES
--------------------------------------------------------

   CREATE SEQUENCE  "DBAUSER"."ID_OPCIONES"  MINVALUE 1 MAXVALUE 9999999999999999999999999999 INCREMENT BY 1 START WITH 21 CACHE 20 NOORDER  NOCYCLE ;
--------------------------------------------------------
--  DDL for Sequence ID_PROVEEDOR
--------------------------------------------------------

   CREATE SEQUENCE  "DBAUSER"."ID_PROVEEDOR"  MINVALUE 1 MAXVALUE 9999999999999999999999999999 INCREMENT BY 1 START WITH 21 CACHE 20 NOORDER  NOCYCLE ;
--------------------------------------------------------
--  DDL for Sequence ID_TIPO_DE_DOCUMENTO
--------------------------------------------------------

   CREATE SEQUENCE  "DBAUSER"."ID_TIPO_DE_DOCUMENTO"  MINVALUE 1 MAXVALUE 9999999999999999999999999999 INCREMENT BY 1 START WITH 21 CACHE 20 NOORDER  NOCYCLE ;
--------------------------------------------------------
--  DDL for Sequence ID_TIPO_VEHICULO
--------------------------------------------------------

   CREATE SEQUENCE  "DBAUSER"."ID_TIPO_VEHICULO"  MINVALUE 1 MAXVALUE 9999999999999999999999999999 INCREMENT BY 1 START WITH 21 CACHE 20 NOORDER  NOCYCLE ;
--------------------------------------------------------
--  DDL for Sequence ID_VEHICULO
--------------------------------------------------------

   CREATE SEQUENCE  "DBAUSER"."ID_VEHICULO"  MINVALUE 1 MAXVALUE 9999999999999999999999999999 INCREMENT BY 1 START WITH 41 CACHE 20 NOORDER  NOCYCLE ;
--------------------------------------------------------
--  DDL for Sequence ID_VENDEDOR
--------------------------------------------------------

   CREATE SEQUENCE  "DBAUSER"."ID_VENDEDOR"  MINVALUE 1 MAXVALUE 9999999999999999999999999999 INCREMENT BY 1 START WITH 21 CACHE 20 NOORDER  NOCYCLE ;
REM INSERTING into DBAUSER.CLIENTES
SET DEFINE OFF;
Insert into DBAUSER.CLIENTES (ID_CLIENTE,TIPO_DE_DOCUMENTO_ID,NOMBRE,DIRECCION,TELEFONO) values ('1','1','Edward','173-3038 Cursus, Avenue','047-529-8891');
Insert into DBAUSER.CLIENTES (ID_CLIENTE,TIPO_DE_DOCUMENTO_ID,NOMBRE,DIRECCION,TELEFONO) values ('2','2','Kyla','P.O. Box 707, 5821 Condimentum Ave','084-235-1611');
Insert into DBAUSER.CLIENTES (ID_CLIENTE,TIPO_DE_DOCUMENTO_ID,NOMBRE,DIRECCION,TELEFONO) values ('3','1','Ferdinand','1611 Pellentesque Street','096-226-2393');
Insert into DBAUSER.CLIENTES (ID_CLIENTE,TIPO_DE_DOCUMENTO_ID,NOMBRE,DIRECCION,TELEFONO) values ('4','2','Isabelle','516-8202 Duis Av.','036-702-4269');
Insert into DBAUSER.CLIENTES (ID_CLIENTE,TIPO_DE_DOCUMENTO_ID,NOMBRE,DIRECCION,TELEFONO) values ('5','1','Lacy','9911 Odio. Street','023-195-9856');
Insert into DBAUSER.CLIENTES (ID_CLIENTE,TIPO_DE_DOCUMENTO_ID,NOMBRE,DIRECCION,TELEFONO) values ('6','2','Ifeoma','Ap #993-4711 Ultrices. Rd.','014-826-3667');
Insert into DBAUSER.CLIENTES (ID_CLIENTE,TIPO_DE_DOCUMENTO_ID,NOMBRE,DIRECCION,TELEFONO) values ('7','1','Hammett','3258 Nec, Rd.','063-218-6915');
Insert into DBAUSER.CLIENTES (ID_CLIENTE,TIPO_DE_DOCUMENTO_ID,NOMBRE,DIRECCION,TELEFONO) values ('8','2','Reed','4837 Eros. Rd.','034-539-1091');
Insert into DBAUSER.CLIENTES (ID_CLIENTE,TIPO_DE_DOCUMENTO_ID,NOMBRE,DIRECCION,TELEFONO) values ('9','1','Keiko','Ap #843-7488 Auctor. Avenue','075-249-1301');
Insert into DBAUSER.CLIENTES (ID_CLIENTE,TIPO_DE_DOCUMENTO_ID,NOMBRE,DIRECCION,TELEFONO) values ('10','2','Kaseem','P.O. Box 738, 4453 Pharetra Avenue','075-488-6637');
Insert into DBAUSER.CLIENTES (ID_CLIENTE,TIPO_DE_DOCUMENTO_ID,NOMBRE,DIRECCION,TELEFONO) values ('11','1','Giacomo','149-1950 Nec Ave','082-338-2519');
Insert into DBAUSER.CLIENTES (ID_CLIENTE,TIPO_DE_DOCUMENTO_ID,NOMBRE,DIRECCION,TELEFONO) values ('12','1','Price','434-6889 Arcu Rd.','057-956-1675');
Insert into DBAUSER.CLIENTES (ID_CLIENTE,TIPO_DE_DOCUMENTO_ID,NOMBRE,DIRECCION,TELEFONO) values ('13','2','Brent','Ap #471-8369 Conubia Rd.','028-247-9105');
Insert into DBAUSER.CLIENTES (ID_CLIENTE,TIPO_DE_DOCUMENTO_ID,NOMBRE,DIRECCION,TELEFONO) values ('14','1','Chiquita','2590 Eget Rd.','036-633-2222');
Insert into DBAUSER.CLIENTES (ID_CLIENTE,TIPO_DE_DOCUMENTO_ID,NOMBRE,DIRECCION,TELEFONO) values ('15','2','Yuri','6009 Laoreet Road','086-878-8758');
Insert into DBAUSER.CLIENTES (ID_CLIENTE,TIPO_DE_DOCUMENTO_ID,NOMBRE,DIRECCION,TELEFONO) values ('16','1','Chandler','112-5027 Tortor Ave','062-085-2155');
Insert into DBAUSER.CLIENTES (ID_CLIENTE,TIPO_DE_DOCUMENTO_ID,NOMBRE,DIRECCION,TELEFONO) values ('17','1','Rana','145-4118 Nibh Rd.','067-393-7599');
Insert into DBAUSER.CLIENTES (ID_CLIENTE,TIPO_DE_DOCUMENTO_ID,NOMBRE,DIRECCION,TELEFONO) values ('18','2','Alisa','Ap #871-7427 Tellus. St.','082-132-2971');
Insert into DBAUSER.CLIENTES (ID_CLIENTE,TIPO_DE_DOCUMENTO_ID,NOMBRE,DIRECCION,TELEFONO) values ('19','1','Duncan','Ap #625-1731 Adipiscing. Avenue','007-428-5743');
Insert into DBAUSER.CLIENTES (ID_CLIENTE,TIPO_DE_DOCUMENTO_ID,NOMBRE,DIRECCION,TELEFONO) values ('20','2','Shea','3665 Sollicitudin Road','070-221-9630');
Insert into DBAUSER.CLIENTES (ID_CLIENTE,TIPO_DE_DOCUMENTO_ID,NOMBRE,DIRECCION,TELEFONO) values ('21','1','Hammett','9308 Malesuada Av.','072-756-8747');
Insert into DBAUSER.CLIENTES (ID_CLIENTE,TIPO_DE_DOCUMENTO_ID,NOMBRE,DIRECCION,TELEFONO) values ('22','2','Salvador','Ap #944-5999 Sed Av.','061-987-6420');
Insert into DBAUSER.CLIENTES (ID_CLIENTE,TIPO_DE_DOCUMENTO_ID,NOMBRE,DIRECCION,TELEFONO) values ('23','1','Martena','Ap #143-4525 Nulla Street','055-930-7759');
Insert into DBAUSER.CLIENTES (ID_CLIENTE,TIPO_DE_DOCUMENTO_ID,NOMBRE,DIRECCION,TELEFONO) values ('24','2','Kennedy','8902 In Street','052-222-1599');
Insert into DBAUSER.CLIENTES (ID_CLIENTE,TIPO_DE_DOCUMENTO_ID,NOMBRE,DIRECCION,TELEFONO) values ('25','1','Illiana','Ap #361-7559 A Road','003-554-1368');
Insert into DBAUSER.CLIENTES (ID_CLIENTE,TIPO_DE_DOCUMENTO_ID,NOMBRE,DIRECCION,TELEFONO) values ('26','2','Declan','989-3056 Lacinia Av.','074-385-8719');
Insert into DBAUSER.CLIENTES (ID_CLIENTE,TIPO_DE_DOCUMENTO_ID,NOMBRE,DIRECCION,TELEFONO) values ('27','2','Ann','594-8460 Dapibus Av.','015-137-5837');
Insert into DBAUSER.CLIENTES (ID_CLIENTE,TIPO_DE_DOCUMENTO_ID,NOMBRE,DIRECCION,TELEFONO) values ('28','1','Jordan','Ap #539-9088 Lacus. Av.','009-640-6291');
Insert into DBAUSER.CLIENTES (ID_CLIENTE,TIPO_DE_DOCUMENTO_ID,NOMBRE,DIRECCION,TELEFONO) values ('29','2','Blake','6011 Ultrices Street','080-413-3318');
Insert into DBAUSER.CLIENTES (ID_CLIENTE,TIPO_DE_DOCUMENTO_ID,NOMBRE,DIRECCION,TELEFONO) values ('30','1','Ferris','9584 Donec Av.','032-063-0597');
Insert into DBAUSER.CLIENTES (ID_CLIENTE,TIPO_DE_DOCUMENTO_ID,NOMBRE,DIRECCION,TELEFONO) values ('31','2','Kieran','9796 Posuere Av.','097-140-4121');
Insert into DBAUSER.CLIENTES (ID_CLIENTE,TIPO_DE_DOCUMENTO_ID,NOMBRE,DIRECCION,TELEFONO) values ('32','1','Lenore','566-6501 Libero. St.','098-889-5436');
Insert into DBAUSER.CLIENTES (ID_CLIENTE,TIPO_DE_DOCUMENTO_ID,NOMBRE,DIRECCION,TELEFONO) values ('33','2','Trevor','P.O. Box 383, 8109 Amet, Road','011-123-2330');
Insert into DBAUSER.CLIENTES (ID_CLIENTE,TIPO_DE_DOCUMENTO_ID,NOMBRE,DIRECCION,TELEFONO) values ('34','1','Alexis','7859 Phasellus St.','058-807-6373');
Insert into DBAUSER.CLIENTES (ID_CLIENTE,TIPO_DE_DOCUMENTO_ID,NOMBRE,DIRECCION,TELEFONO) values ('35','2','Yuli','Ap #740-2828 Tincidunt Street','026-121-6399');
Insert into DBAUSER.CLIENTES (ID_CLIENTE,TIPO_DE_DOCUMENTO_ID,NOMBRE,DIRECCION,TELEFONO) values ('36','1','Harrison','663-3900 Velit St.','086-389-7812');
Insert into DBAUSER.CLIENTES (ID_CLIENTE,TIPO_DE_DOCUMENTO_ID,NOMBRE,DIRECCION,TELEFONO) values ('37','2','Lael','Ap #909-1486 Eu Ave','080-267-0274');
Insert into DBAUSER.CLIENTES (ID_CLIENTE,TIPO_DE_DOCUMENTO_ID,NOMBRE,DIRECCION,TELEFONO) values ('38','1','Cailin','6166 Curabitur Street','037-865-1738');
Insert into DBAUSER.CLIENTES (ID_CLIENTE,TIPO_DE_DOCUMENTO_ID,NOMBRE,DIRECCION,TELEFONO) values ('39','1','Daniel','Ap #481-635 Sapien. St.','014-340-9303');
Insert into DBAUSER.CLIENTES (ID_CLIENTE,TIPO_DE_DOCUMENTO_ID,NOMBRE,DIRECCION,TELEFONO) values ('40','2','Blaze','636-7770 Libero. St.','031-907-4697');
Insert into DBAUSER.CLIENTES (ID_CLIENTE,TIPO_DE_DOCUMENTO_ID,NOMBRE,DIRECCION,TELEFONO) values ('41','1','Yasir','P.O. Box 855, 521 Netus Ave','048-043-4305');
Insert into DBAUSER.CLIENTES (ID_CLIENTE,TIPO_DE_DOCUMENTO_ID,NOMBRE,DIRECCION,TELEFONO) values ('42','2','Alma','8537 Sapien, Avenue','068-258-8601');
Insert into DBAUSER.CLIENTES (ID_CLIENTE,TIPO_DE_DOCUMENTO_ID,NOMBRE,DIRECCION,TELEFONO) values ('43','1','Helen','4680 Nibh. Av.','081-854-9322');
Insert into DBAUSER.CLIENTES (ID_CLIENTE,TIPO_DE_DOCUMENTO_ID,NOMBRE,DIRECCION,TELEFONO) values ('44','1','Caldwell','8894 Felis Ave','049-985-1043');
Insert into DBAUSER.CLIENTES (ID_CLIENTE,TIPO_DE_DOCUMENTO_ID,NOMBRE,DIRECCION,TELEFONO) values ('45','2','Azalia','7227 Ornare Avenue','092-418-1891');
Insert into DBAUSER.CLIENTES (ID_CLIENTE,TIPO_DE_DOCUMENTO_ID,NOMBRE,DIRECCION,TELEFONO) values ('46','1','Brynne','Ap #224-8498 Volutpat Rd.','083-426-6205');
Insert into DBAUSER.CLIENTES (ID_CLIENTE,TIPO_DE_DOCUMENTO_ID,NOMBRE,DIRECCION,TELEFONO) values ('47','2','Rebecca','Ap #469-8973 Tristique Street','096-294-4279');
Insert into DBAUSER.CLIENTES (ID_CLIENTE,TIPO_DE_DOCUMENTO_ID,NOMBRE,DIRECCION,TELEFONO) values ('48','1','Lucy','207-1131 Dignissim St.','049-985-2075');
Insert into DBAUSER.CLIENTES (ID_CLIENTE,TIPO_DE_DOCUMENTO_ID,NOMBRE,DIRECCION,TELEFONO) values ('49','1','Ivor','109-8012 Dapibus St.','032-083-5645');
Insert into DBAUSER.CLIENTES (ID_CLIENTE,TIPO_DE_DOCUMENTO_ID,NOMBRE,DIRECCION,TELEFONO) values ('50','2','Amir','965-8598 Non, Rd.','055-273-3127');
Insert into DBAUSER.CLIENTES (ID_CLIENTE,TIPO_DE_DOCUMENTO_ID,NOMBRE,DIRECCION,TELEFONO) values ('51','1','Akeem','Ap #699-1142 Nunc Street','019-066-2844');
REM INSERTING into DBAUSER.FACTURA_DETALLE
SET DEFINE OFF;
Insert into DBAUSER.FACTURA_DETALLE (ID_FACTURA_DETALLE,FACTURA_ID,OPCION_ID,PRECIO_REGISTRADO,CANTIDAD) values ('2','22','2','70000000','1');
Insert into DBAUSER.FACTURA_DETALLE (ID_FACTURA_DETALLE,FACTURA_ID,OPCION_ID,PRECIO_REGISTRADO,CANTIDAD) values ('4','15','4','200000000','2');
Insert into DBAUSER.FACTURA_DETALLE (ID_FACTURA_DETALLE,FACTURA_ID,OPCION_ID,PRECIO_REGISTRADO,CANTIDAD) values ('6','7','3','400000000','3');
Insert into DBAUSER.FACTURA_DETALLE (ID_FACTURA_DETALLE,FACTURA_ID,OPCION_ID,PRECIO_REGISTRADO,CANTIDAD) values ('7','4','5','70000000','4');
REM INSERTING into DBAUSER.FACTURAS
SET DEFINE OFF;
Insert into DBAUSER.FACTURAS (ID_FACTURA,VEHICULO_ID,NOMBRE_CONSESIONARIO,PRECIO,PRECIO_FINAL,LIENCIA_MATRICULA,FIRMA_CLIENTE,CLIENTE_ID,VENDEDOR_ID,IMPUESTO_ID,FECHA_FACTURA) values ('2','1','Advertising','8,97','9,49','71865','Russell','1','1','1','09/22/2018');
Insert into DBAUSER.FACTURAS (ID_FACTURA,VEHICULO_ID,NOMBRE_CONSESIONARIO,PRECIO,PRECIO_FINAL,LIENCIA_MATRICULA,FIRMA_CLIENTE,CLIENTE_ID,VENDEDOR_ID,IMPUESTO_ID,FECHA_FACTURA) values ('3','2','Asset Management','8,23','8,43','37999','Caleb','2','2','2','03/06/2017');
Insert into DBAUSER.FACTURAS (ID_FACTURA,VEHICULO_ID,NOMBRE_CONSESIONARIO,PRECIO,PRECIO_FINAL,LIENCIA_MATRICULA,FIRMA_CLIENTE,CLIENTE_ID,VENDEDOR_ID,IMPUESTO_ID,FECHA_FACTURA) values ('4','3','Media Relations','5,87','8,91','83055','Steel','3','3','3','01/04/2018');
Insert into DBAUSER.FACTURAS (ID_FACTURA,VEHICULO_ID,NOMBRE_CONSESIONARIO,PRECIO,PRECIO_FINAL,LIENCIA_MATRICULA,FIRMA_CLIENTE,CLIENTE_ID,VENDEDOR_ID,IMPUESTO_ID,FECHA_FACTURA) values ('5','4','Sales and Marketing','5,28','7,67','10148','Maisie','4','4','4','07/03/2018');
Insert into DBAUSER.FACTURAS (ID_FACTURA,VEHICULO_ID,NOMBRE_CONSESIONARIO,PRECIO,PRECIO_FINAL,LIENCIA_MATRICULA,FIRMA_CLIENTE,CLIENTE_ID,VENDEDOR_ID,IMPUESTO_ID,FECHA_FACTURA) values ('6','5','Media Relations','8,04','6,38','78774','Kylie','5','5','1','10/07/2018');
Insert into DBAUSER.FACTURAS (ID_FACTURA,VEHICULO_ID,NOMBRE_CONSESIONARIO,PRECIO,PRECIO_FINAL,LIENCIA_MATRICULA,FIRMA_CLIENTE,CLIENTE_ID,VENDEDOR_ID,IMPUESTO_ID,FECHA_FACTURA) values ('7','6','Human Resources','5,92','6,93','57120','Alisa','6','6','2','11/20/2017');
Insert into DBAUSER.FACTURAS (ID_FACTURA,VEHICULO_ID,NOMBRE_CONSESIONARIO,PRECIO,PRECIO_FINAL,LIENCIA_MATRICULA,FIRMA_CLIENTE,CLIENTE_ID,VENDEDOR_ID,IMPUESTO_ID,FECHA_FACTURA) values ('8','7','Advertising','6,02','5,13','85055','Cathleen','7','7','3','04/01/2018');
Insert into DBAUSER.FACTURAS (ID_FACTURA,VEHICULO_ID,NOMBRE_CONSESIONARIO,PRECIO,PRECIO_FINAL,LIENCIA_MATRICULA,FIRMA_CLIENTE,CLIENTE_ID,VENDEDOR_ID,IMPUESTO_ID,FECHA_FACTURA) values ('9','8','Sales and Marketing','6,52','8,72','62913','Bertha','8','8','4','05/05/2017');
Insert into DBAUSER.FACTURAS (ID_FACTURA,VEHICULO_ID,NOMBRE_CONSESIONARIO,PRECIO,PRECIO_FINAL,LIENCIA_MATRICULA,FIRMA_CLIENTE,CLIENTE_ID,VENDEDOR_ID,IMPUESTO_ID,FECHA_FACTURA) values ('10','9','Research and Development','9,95','6,81','69918','Christen','9','9','1','05/23/2017');
Insert into DBAUSER.FACTURAS (ID_FACTURA,VEHICULO_ID,NOMBRE_CONSESIONARIO,PRECIO,PRECIO_FINAL,LIENCIA_MATRICULA,FIRMA_CLIENTE,CLIENTE_ID,VENDEDOR_ID,IMPUESTO_ID,FECHA_FACTURA) values ('11','10','Advertising','9,09','9,71','65843','Slade','10','10','2','01/28/2017');
Insert into DBAUSER.FACTURAS (ID_FACTURA,VEHICULO_ID,NOMBRE_CONSESIONARIO,PRECIO,PRECIO_FINAL,LIENCIA_MATRICULA,FIRMA_CLIENTE,CLIENTE_ID,VENDEDOR_ID,IMPUESTO_ID,FECHA_FACTURA) values ('12','11','Payroll','8,91','5,32','38081','Wang','11','11','3','11/23/2017');
Insert into DBAUSER.FACTURAS (ID_FACTURA,VEHICULO_ID,NOMBRE_CONSESIONARIO,PRECIO,PRECIO_FINAL,LIENCIA_MATRICULA,FIRMA_CLIENTE,CLIENTE_ID,VENDEDOR_ID,IMPUESTO_ID,FECHA_FACTURA) values ('13','12','Tech Support','5,98','7,4','15288','Maisie','12','12','4','05/31/2017');
Insert into DBAUSER.FACTURAS (ID_FACTURA,VEHICULO_ID,NOMBRE_CONSESIONARIO,PRECIO,PRECIO_FINAL,LIENCIA_MATRICULA,FIRMA_CLIENTE,CLIENTE_ID,VENDEDOR_ID,IMPUESTO_ID,FECHA_FACTURA) values ('14','13','Media Relations','7,89','6,16','22054','Ryder','13','13','1','12/01/2016');
Insert into DBAUSER.FACTURAS (ID_FACTURA,VEHICULO_ID,NOMBRE_CONSESIONARIO,PRECIO,PRECIO_FINAL,LIENCIA_MATRICULA,FIRMA_CLIENTE,CLIENTE_ID,VENDEDOR_ID,IMPUESTO_ID,FECHA_FACTURA) values ('15','14','Media Relations','6,96','5,92','30801','Fredericka','14','14','2','04/21/2017');
Insert into DBAUSER.FACTURAS (ID_FACTURA,VEHICULO_ID,NOMBRE_CONSESIONARIO,PRECIO,PRECIO_FINAL,LIENCIA_MATRICULA,FIRMA_CLIENTE,CLIENTE_ID,VENDEDOR_ID,IMPUESTO_ID,FECHA_FACTURA) values ('16','15','Sales and Marketing','5,16','5,67','51891','Myra','15','15','3','10/25/2017');
Insert into DBAUSER.FACTURAS (ID_FACTURA,VEHICULO_ID,NOMBRE_CONSESIONARIO,PRECIO,PRECIO_FINAL,LIENCIA_MATRICULA,FIRMA_CLIENTE,CLIENTE_ID,VENDEDOR_ID,IMPUESTO_ID,FECHA_FACTURA) values ('17','16','Tech Support','6,17','8,03','42917','Tyler','16','16','4','11/01/2017');
Insert into DBAUSER.FACTURAS (ID_FACTURA,VEHICULO_ID,NOMBRE_CONSESIONARIO,PRECIO,PRECIO_FINAL,LIENCIA_MATRICULA,FIRMA_CLIENTE,CLIENTE_ID,VENDEDOR_ID,IMPUESTO_ID,FECHA_FACTURA) values ('18','17','Legal Department','7,59','7,56','03171','Rhona','17','17','1','06/25/2017');
Insert into DBAUSER.FACTURAS (ID_FACTURA,VEHICULO_ID,NOMBRE_CONSESIONARIO,PRECIO,PRECIO_FINAL,LIENCIA_MATRICULA,FIRMA_CLIENTE,CLIENTE_ID,VENDEDOR_ID,IMPUESTO_ID,FECHA_FACTURA) values ('19','18','Sales and Marketing','5,87','5,7','42269','Jin','18','18','2','03/12/2017');
Insert into DBAUSER.FACTURAS (ID_FACTURA,VEHICULO_ID,NOMBRE_CONSESIONARIO,PRECIO,PRECIO_FINAL,LIENCIA_MATRICULA,FIRMA_CLIENTE,CLIENTE_ID,VENDEDOR_ID,IMPUESTO_ID,FECHA_FACTURA) values ('20','19','Customer Relations','8,33','8,4','44571','Jason','19','19','3','06/21/2018');
Insert into DBAUSER.FACTURAS (ID_FACTURA,VEHICULO_ID,NOMBRE_CONSESIONARIO,PRECIO,PRECIO_FINAL,LIENCIA_MATRICULA,FIRMA_CLIENTE,CLIENTE_ID,VENDEDOR_ID,IMPUESTO_ID,FECHA_FACTURA) values ('21','20','Legal Department','9,83','9,26','42214','Alden','20','20','4','07/02/2017');
Insert into DBAUSER.FACTURAS (ID_FACTURA,VEHICULO_ID,NOMBRE_CONSESIONARIO,PRECIO,PRECIO_FINAL,LIENCIA_MATRICULA,FIRMA_CLIENTE,CLIENTE_ID,VENDEDOR_ID,IMPUESTO_ID,FECHA_FACTURA) values ('22','21','Payroll','6,21','8,8','02477','Maisie','21','1','1','01/27/2017');
Insert into DBAUSER.FACTURAS (ID_FACTURA,VEHICULO_ID,NOMBRE_CONSESIONARIO,PRECIO,PRECIO_FINAL,LIENCIA_MATRICULA,FIRMA_CLIENTE,CLIENTE_ID,VENDEDOR_ID,IMPUESTO_ID,FECHA_FACTURA) values ('23','22','Accounting','8,16','5,74','99472','Nayda','22','2','2','12/31/2016');
Insert into DBAUSER.FACTURAS (ID_FACTURA,VEHICULO_ID,NOMBRE_CONSESIONARIO,PRECIO,PRECIO_FINAL,LIENCIA_MATRICULA,FIRMA_CLIENTE,CLIENTE_ID,VENDEDOR_ID,IMPUESTO_ID,FECHA_FACTURA) values ('24','23','Asset Management','5,56','9,5','89452','Rana','23','3','23','01/18/2017');
Insert into DBAUSER.FACTURAS (ID_FACTURA,VEHICULO_ID,NOMBRE_CONSESIONARIO,PRECIO,PRECIO_FINAL,LIENCIA_MATRICULA,FIRMA_CLIENTE,CLIENTE_ID,VENDEDOR_ID,IMPUESTO_ID,FECHA_FACTURA) values ('25','24','Legal Department','9,39','6,93','87476','Basil','24','4','4','10/04/2017');
Insert into DBAUSER.FACTURAS (ID_FACTURA,VEHICULO_ID,NOMBRE_CONSESIONARIO,PRECIO,PRECIO_FINAL,LIENCIA_MATRICULA,FIRMA_CLIENTE,CLIENTE_ID,VENDEDOR_ID,IMPUESTO_ID,FECHA_FACTURA) values ('26','25','Payroll','9,13','5,43','86891','Nero','25','5','1','10/25/2017');
Insert into DBAUSER.FACTURAS (ID_FACTURA,VEHICULO_ID,NOMBRE_CONSESIONARIO,PRECIO,PRECIO_FINAL,LIENCIA_MATRICULA,FIRMA_CLIENTE,CLIENTE_ID,VENDEDOR_ID,IMPUESTO_ID,FECHA_FACTURA) values ('27','26','Customer Relations','8,62','6,28','07213','Zenia','26','6','2','07/27/2017');
Insert into DBAUSER.FACTURAS (ID_FACTURA,VEHICULO_ID,NOMBRE_CONSESIONARIO,PRECIO,PRECIO_FINAL,LIENCIA_MATRICULA,FIRMA_CLIENTE,CLIENTE_ID,VENDEDOR_ID,IMPUESTO_ID,FECHA_FACTURA) values ('28','27','Advertising','6,59','7,21','27371','Camille','27','7','3','03/10/2018');
Insert into DBAUSER.FACTURAS (ID_FACTURA,VEHICULO_ID,NOMBRE_CONSESIONARIO,PRECIO,PRECIO_FINAL,LIENCIA_MATRICULA,FIRMA_CLIENTE,CLIENTE_ID,VENDEDOR_ID,IMPUESTO_ID,FECHA_FACTURA) values ('29','28','Media Relations','6,95','9,65','21760','Quynn','28','8','4','09/02/2018');
Insert into DBAUSER.FACTURAS (ID_FACTURA,VEHICULO_ID,NOMBRE_CONSESIONARIO,PRECIO,PRECIO_FINAL,LIENCIA_MATRICULA,FIRMA_CLIENTE,CLIENTE_ID,VENDEDOR_ID,IMPUESTO_ID,FECHA_FACTURA) values ('30','29','Public Relations','8,4','9,4','16693','Holly','29','9','1','06/07/2017');
Insert into DBAUSER.FACTURAS (ID_FACTURA,VEHICULO_ID,NOMBRE_CONSESIONARIO,PRECIO,PRECIO_FINAL,LIENCIA_MATRICULA,FIRMA_CLIENTE,CLIENTE_ID,VENDEDOR_ID,IMPUESTO_ID,FECHA_FACTURA) values ('31','30','Advertising','8,38','7,36','30696','Lisandra','30','10','2','04/12/2017');
Insert into DBAUSER.FACTURAS (ID_FACTURA,VEHICULO_ID,NOMBRE_CONSESIONARIO,PRECIO,PRECIO_FINAL,LIENCIA_MATRICULA,FIRMA_CLIENTE,CLIENTE_ID,VENDEDOR_ID,IMPUESTO_ID,FECHA_FACTURA) values ('32','31','Media Relations','5,14','5,03','94082','Tamara','31','11','3','05/31/2017');
Insert into DBAUSER.FACTURAS (ID_FACTURA,VEHICULO_ID,NOMBRE_CONSESIONARIO,PRECIO,PRECIO_FINAL,LIENCIA_MATRICULA,FIRMA_CLIENTE,CLIENTE_ID,VENDEDOR_ID,IMPUESTO_ID,FECHA_FACTURA) values ('33','32','Media Relations','7,48','7,61','54756','Whoopi','32','12','4','06/17/2018');
Insert into DBAUSER.FACTURAS (ID_FACTURA,VEHICULO_ID,NOMBRE_CONSESIONARIO,PRECIO,PRECIO_FINAL,LIENCIA_MATRICULA,FIRMA_CLIENTE,CLIENTE_ID,VENDEDOR_ID,IMPUESTO_ID,FECHA_FACTURA) values ('34','33','Public Relations','9,76','5,3','26319','Paula','33','13','1','05/13/2018');
REM INSERTING into DBAUSER.HISTORIAL_VEHICULOS
SET DEFINE OFF;
Insert into DBAUSER.HISTORIAL_VEHICULOS (ID_HISTORIAL_VEHICULOS,ESTADO,OBSERVACION,FECHA_HISTORIAL_VEHICULOS,VEHICULO_ID) values ('1','NEW','OBSERVACION',to_date('20/08/17','DD/MM/RR'),'27');
Insert into DBAUSER.HISTORIAL_VEHICULOS (ID_HISTORIAL_VEHICULOS,ESTADO,OBSERVACION,FECHA_HISTORIAL_VEHICULOS,VEHICULO_ID) values ('2','TRADE','OBSERVACION',to_date('30/05/15','DD/MM/RR'),'33');
Insert into DBAUSER.HISTORIAL_VEHICULOS (ID_HISTORIAL_VEHICULOS,ESTADO,OBSERVACION,FECHA_HISTORIAL_VEHICULOS,VEHICULO_ID) values ('3','SOLD','OBSERVACION',to_date('11/05/16','DD/MM/RR'),'26');
Insert into DBAUSER.HISTORIAL_VEHICULOS (ID_HISTORIAL_VEHICULOS,ESTADO,OBSERVACION,FECHA_HISTORIAL_VEHICULOS,VEHICULO_ID) values ('4','NEW','OBSERVACION',to_date('08/09/17','DD/MM/RR'),'14');
Insert into DBAUSER.HISTORIAL_VEHICULOS (ID_HISTORIAL_VEHICULOS,ESTADO,OBSERVACION,FECHA_HISTORIAL_VEHICULOS,VEHICULO_ID) values ('5','TRADE','OBSERVACION',to_date('09/02/16','DD/MM/RR'),'22');
REM INSERTING into DBAUSER.IMPUESTOS
SET DEFINE OFF;
Insert into DBAUSER.IMPUESTOS (ID_IMPUESTO,DESCRIPCION) values ('8','Iva');
Insert into DBAUSER.IMPUESTOS (ID_IMPUESTO,DESCRIPCION) values ('9','Impuesto de matriculación');
Insert into DBAUSER.IMPUESTOS (ID_IMPUESTO,DESCRIPCION) values ('10','Impuesto de Vehículos de Tracción Mecánica');
Insert into DBAUSER.IMPUESTOS (ID_IMPUESTO,DESCRIPCION) values ('11','Impuesto de Transmisiones');
REM INSERTING into DBAUSER.OPCIONES
SET DEFINE OFF;
Insert into DBAUSER.OPCIONES (ID_OPCIONES,CODIGO_OPCION,DESCRIPCION,UNIDADES_DISPONIBLES,VALOR_VENTA,PROVEEDOR_ID) values ('1','10001','Microondas','10','1200000','1');
Insert into DBAUSER.OPCIONES (ID_OPCIONES,CODIGO_OPCION,DESCRIPCION,UNIDADES_DISPONIBLES,VALOR_VENTA,PROVEEDOR_ID) values ('2','10002','Nevera','30','5600000','2');
Insert into DBAUSER.OPCIONES (ID_OPCIONES,CODIGO_OPCION,DESCRIPCION,UNIDADES_DISPONIBLES,VALOR_VENTA,PROVEEDOR_ID) values ('3','10003','Estufa','3','240000','3');
Insert into DBAUSER.OPCIONES (ID_OPCIONES,CODIGO_OPCION,DESCRIPCION,UNIDADES_DISPONIBLES,VALOR_VENTA,PROVEEDOR_ID) values ('4','10004','Licores','30','60000','1');
Insert into DBAUSER.OPCIONES (ID_OPCIONES,CODIGO_OPCION,DESCRIPCION,UNIDADES_DISPONIBLES,VALOR_VENTA,PROVEEDOR_ID) values ('5','10005','Silla 1A','30','320000','1');
Insert into DBAUSER.OPCIONES (ID_OPCIONES,CODIGO_OPCION,DESCRIPCION,UNIDADES_DISPONIBLES,VALOR_VENTA,PROVEEDOR_ID) values ('6','10006','Silla 1B','5','1200000','2');
Insert into DBAUSER.OPCIONES (ID_OPCIONES,CODIGO_OPCION,DESCRIPCION,UNIDADES_DISPONIBLES,VALOR_VENTA,PROVEEDOR_ID) values ('7','10007','Equipo de sonido','30','200000','2');
REM INSERTING into DBAUSER.PROVEEDORES
SET DEFINE OFF;
Insert into DBAUSER.PROVEEDORES (ID_PROVEEDOR,CODIGO_PROVEEDOR,DESCRIPCION,COSTO_FABRICANTE,PRECIO_DE_VENTA,TIPO_DE_DOCUMENTO_ID) values ('1','1A','Llantas gato','150000','200000','4');
Insert into DBAUSER.PROVEEDORES (ID_PROVEEDOR,CODIGO_PROVEEDOR,DESCRIPCION,COSTO_FABRICANTE,PRECIO_DE_VENTA,TIPO_DE_DOCUMENTO_ID) values ('2','1B','Placas de acero N.a','150000','300000','4');
Insert into DBAUSER.PROVEEDORES (ID_PROVEEDOR,CODIGO_PROVEEDOR,DESCRIPCION,COSTO_FABRICANTE,PRECIO_DE_VENTA,TIPO_DE_DOCUMENTO_ID) values ('3','1C','Neveras Haceb','250000','4500000','4');
REM INSERTING into DBAUSER.TIPO_DE_DOCUMENTOS
SET DEFINE OFF;
Insert into DBAUSER.TIPO_DE_DOCUMENTOS (ID_TIPO_DE_DOCUMENTO,DESCRIPCION) values ('1','Cédula de ciudadanía');
Insert into DBAUSER.TIPO_DE_DOCUMENTOS (ID_TIPO_DE_DOCUMENTO,DESCRIPCION) values ('2','Cédula de extranjería');
Insert into DBAUSER.TIPO_DE_DOCUMENTOS (ID_TIPO_DE_DOCUMENTO,DESCRIPCION) values ('3','Pasaporte');
Insert into DBAUSER.TIPO_DE_DOCUMENTOS (ID_TIPO_DE_DOCUMENTO,DESCRIPCION) values ('4','NIT');
REM INSERTING into DBAUSER.TIPO_DE_VEHICULOS
SET DEFINE OFF;
Insert into DBAUSER.TIPO_DE_VEHICULOS (ID_TIPO_VEHICULO,DESCRIPCION) values ('1','Nuevo');
Insert into DBAUSER.TIPO_DE_VEHICULOS (ID_TIPO_VEHICULO,DESCRIPCION) values ('2','Usado');
REM INSERTING into DBAUSER.VEHICULOS
SET DEFINE OFF;
Insert into DBAUSER.VEHICULOS (ID_VEHICULO,PLACA,MODELO,ANO,FABRICANTE,COSTO_CANTIDAD,OPCION_ID,TIPO_VEHICULO_ID,MARCA) values ('1','O2H 8V5','87720','08/04/2017','Tramadol HCl','6,67','1','1','Dodge');
Insert into DBAUSER.VEHICULOS (ID_VEHICULO,PLACA,MODELO,ANO,FABRICANTE,COSTO_CANTIDAD,OPCION_ID,TIPO_VEHICULO_ID,MARCA) values ('2','P5J 4Z4','78409','02/27/2017','Nexium','8,65','2','2','BMW');
Insert into DBAUSER.VEHICULOS (ID_VEHICULO,PLACA,MODELO,ANO,FABRICANTE,COSTO_CANTIDAD,OPCION_ID,TIPO_VEHICULO_ID,MARCA) values ('3','W5U 4N0','06387','03/10/2017','Lovaza','7,95','2','2','Hyundai Motors');
Insert into DBAUSER.VEHICULOS (ID_VEHICULO,PLACA,MODELO,ANO,FABRICANTE,COSTO_CANTIDAD,OPCION_ID,TIPO_VEHICULO_ID,MARCA) values ('4','M9L 6R6','36628','06/21/2017','Diazepam','6,37','4','1','Subaru');
Insert into DBAUSER.VEHICULOS (ID_VEHICULO,PLACA,MODELO,ANO,FABRICANTE,COSTO_CANTIDAD,OPCION_ID,TIPO_VEHICULO_ID,MARCA) values ('5','U0R 3T1','88794','09/02/2018','Simvastatin','5,42','5','1','Mahindra and Mahindra');
Insert into DBAUSER.VEHICULOS (ID_VEHICULO,PLACA,MODELO,ANO,FABRICANTE,COSTO_CANTIDAD,OPCION_ID,TIPO_VEHICULO_ID,MARCA) values ('6','U5U 5D2','68365','03/03/2018','Simvastatin','9,37','6','2','Dongfeng Motor');
Insert into DBAUSER.VEHICULOS (ID_VEHICULO,PLACA,MODELO,ANO,FABRICANTE,COSTO_CANTIDAD,OPCION_ID,TIPO_VEHICULO_ID,MARCA) values ('7','K0F 7H0','47973','03/05/2018','Gabapentin','6,13','7','1','Toyota');
Insert into DBAUSER.VEHICULOS (ID_VEHICULO,PLACA,MODELO,ANO,FABRICANTE,COSTO_CANTIDAD,OPCION_ID,TIPO_VEHICULO_ID,MARCA) values ('8','L2S 7F2','59392','03/05/2017','Hydrocodone/APAP','7,53','1','2','Buick');
Insert into DBAUSER.VEHICULOS (ID_VEHICULO,PLACA,MODELO,ANO,FABRICANTE,COSTO_CANTIDAD,OPCION_ID,TIPO_VEHICULO_ID,MARCA) values ('9','Y4J 8W3','35694','04/01/2018','Promethazine HCl','8,45','2','1','Lexus');
Insert into DBAUSER.VEHICULOS (ID_VEHICULO,PLACA,MODELO,ANO,FABRICANTE,COSTO_CANTIDAD,OPCION_ID,TIPO_VEHICULO_ID,MARCA) values ('10','C5Y 5P0','86041','11/30/2016','Fluticasone Propionate','7,19','3','2','Porsche');
Insert into DBAUSER.VEHICULOS (ID_VEHICULO,PLACA,MODELO,ANO,FABRICANTE,COSTO_CANTIDAD,OPCION_ID,TIPO_VEHICULO_ID,MARCA) values ('11','N0L 9N7','04359','03/08/2018','Atenolol','9,71','4','1','Chevrolet');
Insert into DBAUSER.VEHICULOS (ID_VEHICULO,PLACA,MODELO,ANO,FABRICANTE,COSTO_CANTIDAD,OPCION_ID,TIPO_VEHICULO_ID,MARCA) values ('12','P2D 9A5','27792','07/02/2017','Metformin HCl','9,43','5','2','JLR');
Insert into DBAUSER.VEHICULOS (ID_VEHICULO,PLACA,MODELO,ANO,FABRICANTE,COSTO_CANTIDAD,OPCION_ID,TIPO_VEHICULO_ID,MARCA) values ('13','Y8Q 6Y5','62327','07/10/2018','Diazepam','8,03','6','1','Citroën');
Insert into DBAUSER.VEHICULOS (ID_VEHICULO,PLACA,MODELO,ANO,FABRICANTE,COSTO_CANTIDAD,OPCION_ID,TIPO_VEHICULO_ID,MARCA) values ('14','A7O 1R2','25861','11/04/2017','Actos','7,41','7','1','FAW');
Insert into DBAUSER.VEHICULOS (ID_VEHICULO,PLACA,MODELO,ANO,FABRICANTE,COSTO_CANTIDAD,OPCION_ID,TIPO_VEHICULO_ID,MARCA) values ('15','H7P 0W3','21451','01/06/2017','Diovan','7,14','7','2','Dongfeng Motor');
Insert into DBAUSER.VEHICULOS (ID_VEHICULO,PLACA,MODELO,ANO,FABRICANTE,COSTO_CANTIDAD,OPCION_ID,TIPO_VEHICULO_ID,MARCA) values ('16','U4C 7S2','68975','09/17/2018','Synthroid','6,87','6','1','Acura');
Insert into DBAUSER.VEHICULOS (ID_VEHICULO,PLACA,MODELO,ANO,FABRICANTE,COSTO_CANTIDAD,OPCION_ID,TIPO_VEHICULO_ID,MARCA) values ('17','P7I 1L2','48998','11/16/2017','Clonazepam','7,18','5','2','BMW');
Insert into DBAUSER.VEHICULOS (ID_VEHICULO,PLACA,MODELO,ANO,FABRICANTE,COSTO_CANTIDAD,OPCION_ID,TIPO_VEHICULO_ID,MARCA) values ('18','C0I 8U9','91761','09/18/2018','Proair HFA','7,59','4','1','Skoda');
Insert into DBAUSER.VEHICULOS (ID_VEHICULO,PLACA,MODELO,ANO,FABRICANTE,COSTO_CANTIDAD,OPCION_ID,TIPO_VEHICULO_ID,MARCA) values ('19','E4K 1R5','85735','10/14/2018','Pravastatin Sodium','7,52','3','1','Honda');
Insert into DBAUSER.VEHICULOS (ID_VEHICULO,PLACA,MODELO,ANO,FABRICANTE,COSTO_CANTIDAD,OPCION_ID,TIPO_VEHICULO_ID,MARCA) values ('20','D0K 9T6','39583','10/13/2017','Tramadol HCl','8,19','2','2','Suzuki');
Insert into DBAUSER.VEHICULOS (ID_VEHICULO,PLACA,MODELO,ANO,FABRICANTE,COSTO_CANTIDAD,OPCION_ID,TIPO_VEHICULO_ID,MARCA) values ('21','G1W 4C2','14306','02/28/2017','Furosemide','8,09','1','1','Suzuki');
Insert into DBAUSER.VEHICULOS (ID_VEHICULO,PLACA,MODELO,ANO,FABRICANTE,COSTO_CANTIDAD,OPCION_ID,TIPO_VEHICULO_ID,MARCA) values ('22','J2L 9O8','25906','09/19/2017','Amoxicillin Trihydrate/Potassium Clavulanate','8,15','1','2','JLR');
Insert into DBAUSER.VEHICULOS (ID_VEHICULO,PLACA,MODELO,ANO,FABRICANTE,COSTO_CANTIDAD,OPCION_ID,TIPO_VEHICULO_ID,MARCA) values ('23','Z0N 5B5','70501','09/04/2017','Carvedilol','6,2','2','2','Jeep');
Insert into DBAUSER.VEHICULOS (ID_VEHICULO,PLACA,MODELO,ANO,FABRICANTE,COSTO_CANTIDAD,OPCION_ID,TIPO_VEHICULO_ID,MARCA) values ('24','Z3F 7T3','87859','02/01/2017','Alendronate Sodium','9,75','3','2','Daimler');
Insert into DBAUSER.VEHICULOS (ID_VEHICULO,PLACA,MODELO,ANO,FABRICANTE,COSTO_CANTIDAD,OPCION_ID,TIPO_VEHICULO_ID,MARCA) values ('25','Z6G 3S0','22293','07/23/2018','Advair Diskus','7,74','4','2','Fiat');
Insert into DBAUSER.VEHICULOS (ID_VEHICULO,PLACA,MODELO,ANO,FABRICANTE,COSTO_CANTIDAD,OPCION_ID,TIPO_VEHICULO_ID,MARCA) values ('26','W4T 3J0','20968','02/02/2017','Lovastatin','6,95','5','2','Volvo');
Insert into DBAUSER.VEHICULOS (ID_VEHICULO,PLACA,MODELO,ANO,FABRICANTE,COSTO_CANTIDAD,OPCION_ID,TIPO_VEHICULO_ID,MARCA) values ('27','V7X 7Q9','60782','02/25/2017','Singulair','8,24','6','1','Porsche');
Insert into DBAUSER.VEHICULOS (ID_VEHICULO,PLACA,MODELO,ANO,FABRICANTE,COSTO_CANTIDAD,OPCION_ID,TIPO_VEHICULO_ID,MARCA) values ('28','Q3V 2T9','94884','03/01/2017','Levaquin','7,89','7','1','Chrysler');
Insert into DBAUSER.VEHICULOS (ID_VEHICULO,PLACA,MODELO,ANO,FABRICANTE,COSTO_CANTIDAD,OPCION_ID,TIPO_VEHICULO_ID,MARCA) values ('29','I6V 2N9','43501','07/27/2017','Cialis','9,79','7','2','MINI');
Insert into DBAUSER.VEHICULOS (ID_VEHICULO,PLACA,MODELO,ANO,FABRICANTE,COSTO_CANTIDAD,OPCION_ID,TIPO_VEHICULO_ID,MARCA) values ('30','Y1Y 5C2','87672','02/27/2018','Prednisone','6,6','6','1','Daihatsu');
Insert into DBAUSER.VEHICULOS (ID_VEHICULO,PLACA,MODELO,ANO,FABRICANTE,COSTO_CANTIDAD,OPCION_ID,TIPO_VEHICULO_ID,MARCA) values ('31','V5L 0N9','64586','10/27/2018','Prednisone','8,21','5','1','RAM Trucks');
Insert into DBAUSER.VEHICULOS (ID_VEHICULO,PLACA,MODELO,ANO,FABRICANTE,COSTO_CANTIDAD,OPCION_ID,TIPO_VEHICULO_ID,MARCA) values ('32','Y1U 1O4','06888','06/18/2018','Simvastatin','5,91','4','2','Mazda');
Insert into DBAUSER.VEHICULOS (ID_VEHICULO,PLACA,MODELO,ANO,FABRICANTE,COSTO_CANTIDAD,OPCION_ID,TIPO_VEHICULO_ID,MARCA) values ('33','D8C 9T8','48214','04/22/2018','Oxycontin','9,02','3','1','Audi');
Insert into DBAUSER.VEHICULOS (ID_VEHICULO,PLACA,MODELO,ANO,FABRICANTE,COSTO_CANTIDAD,OPCION_ID,TIPO_VEHICULO_ID,MARCA) values ('34','S2F 1P1','78539','12/09/2017','Furosemide','9,84','2','1','Subaru');
Insert into DBAUSER.VEHICULOS (ID_VEHICULO,PLACA,MODELO,ANO,FABRICANTE,COSTO_CANTIDAD,OPCION_ID,TIPO_VEHICULO_ID,MARCA) values ('35','T6W 6S4','88171','07/26/2018','Amoxicillin','8,86','1','2','JLR');
REM INSERTING into DBAUSER.VENDEDORES
SET DEFINE OFF;
Insert into DBAUSER.VENDEDORES (ID_VENDEDOR,TIPO_DE_DOCUMENTO_ID,NOMBRE,ESTADO_VENDEDOR) values ('1','1','Owen','Antiguo');
Insert into DBAUSER.VENDEDORES (ID_VENDEDOR,TIPO_DE_DOCUMENTO_ID,NOMBRE,ESTADO_VENDEDOR) values ('2','2','Cleo','Nuevo');
Insert into DBAUSER.VENDEDORES (ID_VENDEDOR,TIPO_DE_DOCUMENTO_ID,NOMBRE,ESTADO_VENDEDOR) values ('3','3','Chelsea','Antiguo');
Insert into DBAUSER.VENDEDORES (ID_VENDEDOR,TIPO_DE_DOCUMENTO_ID,NOMBRE,ESTADO_VENDEDOR) values ('4','1','Paloma','Nuevo');
Insert into DBAUSER.VENDEDORES (ID_VENDEDOR,TIPO_DE_DOCUMENTO_ID,NOMBRE,ESTADO_VENDEDOR) values ('5','2','Yoshio','Antiguo');
Insert into DBAUSER.VENDEDORES (ID_VENDEDOR,TIPO_DE_DOCUMENTO_ID,NOMBRE,ESTADO_VENDEDOR) values ('6','3','Austin','Antiguo');
Insert into DBAUSER.VENDEDORES (ID_VENDEDOR,TIPO_DE_DOCUMENTO_ID,NOMBRE,ESTADO_VENDEDOR) values ('7','3','Nora','Nuevo');
Insert into DBAUSER.VENDEDORES (ID_VENDEDOR,TIPO_DE_DOCUMENTO_ID,NOMBRE,ESTADO_VENDEDOR) values ('8','2','Michelle','Antiguo');
Insert into DBAUSER.VENDEDORES (ID_VENDEDOR,TIPO_DE_DOCUMENTO_ID,NOMBRE,ESTADO_VENDEDOR) values ('9','2','August','Nuevo');
Insert into DBAUSER.VENDEDORES (ID_VENDEDOR,TIPO_DE_DOCUMENTO_ID,NOMBRE,ESTADO_VENDEDOR) values ('10','1','Craig','Antiguo');
Insert into DBAUSER.VENDEDORES (ID_VENDEDOR,TIPO_DE_DOCUMENTO_ID,NOMBRE,ESTADO_VENDEDOR) values ('11','2','Cameran','Nuevo');
Insert into DBAUSER.VENDEDORES (ID_VENDEDOR,TIPO_DE_DOCUMENTO_ID,NOMBRE,ESTADO_VENDEDOR) values ('12','1','Tara','Antiguo');
Insert into DBAUSER.VENDEDORES (ID_VENDEDOR,TIPO_DE_DOCUMENTO_ID,NOMBRE,ESTADO_VENDEDOR) values ('13','1','Linda','Nuevo');
Insert into DBAUSER.VENDEDORES (ID_VENDEDOR,TIPO_DE_DOCUMENTO_ID,NOMBRE,ESTADO_VENDEDOR) values ('14','2','Basia','Antiguo');
Insert into DBAUSER.VENDEDORES (ID_VENDEDOR,TIPO_DE_DOCUMENTO_ID,NOMBRE,ESTADO_VENDEDOR) values ('15','3','Pascale','Nuevo');
Insert into DBAUSER.VENDEDORES (ID_VENDEDOR,TIPO_DE_DOCUMENTO_ID,NOMBRE,ESTADO_VENDEDOR) values ('16','3','Lara','Antiguo');
Insert into DBAUSER.VENDEDORES (ID_VENDEDOR,TIPO_DE_DOCUMENTO_ID,NOMBRE,ESTADO_VENDEDOR) values ('17','2','Alexa','Nuevo');
Insert into DBAUSER.VENDEDORES (ID_VENDEDOR,TIPO_DE_DOCUMENTO_ID,NOMBRE,ESTADO_VENDEDOR) values ('18','3','Susan','Antiguo');
Insert into DBAUSER.VENDEDORES (ID_VENDEDOR,TIPO_DE_DOCUMENTO_ID,NOMBRE,ESTADO_VENDEDOR) values ('19','2','Hammett','Nuevo');
Insert into DBAUSER.VENDEDORES (ID_VENDEDOR,TIPO_DE_DOCUMENTO_ID,NOMBRE,ESTADO_VENDEDOR) values ('20','2','Debra','Antiguo');
--------------------------------------------------------
--  DDL for Trigger DECREASESTHENUMBEROFUNITS
--------------------------------------------------------

  CREATE OR REPLACE TRIGGER "DBAUSER"."DECREASESTHENUMBEROFUNITS" 
after insert or update on 
factura_detalle 
for each row
begin
    update opciones
    set unidades_disponibles=unidades_disponibles-:new.cantidad
    where id_opciones=:new.opcion_id;
end;
/
ALTER TRIGGER "DBAUSER"."DECREASESTHENUMBEROFUNITS" ENABLE;
--------------------------------------------------------
--  DDL for Procedure REORDER_UNITS
--------------------------------------------------------
set define off;

  CREATE OR REPLACE PROCEDURE "DBAUSER"."REORDER_UNITS" as
-- unidades_disponibles number;
begin

update opciones op
set op.Unidades_Disponibles = (select   (opc.unidades_disponibles+20) as units
                               from opciones opc
                                   inner join  OrderToDisplay od on od.Id_Opciones = opc.Id_Opciones
                                   where od.Id_Opciones = op.Id_Opciones)
where op.Id_Opciones = (select   opc.Id_Opciones
                               from opciones opc
                                   inner join  OrderToDisplay od on od.Id_Opciones = opc.Id_Opciones
                                   where opc.Id_Opciones = op.Id_Opciones);
end;

/
--------------------------------------------------------
--  Constraints for Table VEHICULOS
--------------------------------------------------------

  ALTER TABLE "DBAUSER"."VEHICULOS" ADD PRIMARY KEY ("ID_VEHICULO") ENABLE;
  ALTER TABLE "DBAUSER"."VEHICULOS" MODIFY ("MARCA" NOT NULL ENABLE);
  ALTER TABLE "DBAUSER"."VEHICULOS" MODIFY ("COSTO_CANTIDAD" NOT NULL ENABLE);
  ALTER TABLE "DBAUSER"."VEHICULOS" MODIFY ("FABRICANTE" NOT NULL ENABLE);
  ALTER TABLE "DBAUSER"."VEHICULOS" MODIFY ("ANO" NOT NULL ENABLE);
  ALTER TABLE "DBAUSER"."VEHICULOS" MODIFY ("MODELO" NOT NULL ENABLE);
  ALTER TABLE "DBAUSER"."VEHICULOS" MODIFY ("PLACA" NOT NULL ENABLE);
  ALTER TABLE "DBAUSER"."VEHICULOS" MODIFY ("ID_VEHICULO" NOT NULL ENABLE);
--------------------------------------------------------
--  Constraints for Table TIPO_DE_DOCUMENTOS
--------------------------------------------------------

  ALTER TABLE "DBAUSER"."TIPO_DE_DOCUMENTOS" ADD PRIMARY KEY ("ID_TIPO_DE_DOCUMENTO") ENABLE;
  ALTER TABLE "DBAUSER"."TIPO_DE_DOCUMENTOS" MODIFY ("DESCRIPCION" NOT NULL ENABLE);
--------------------------------------------------------
--  Constraints for Table PROVEEDORES
--------------------------------------------------------

  ALTER TABLE "DBAUSER"."PROVEEDORES" ADD PRIMARY KEY ("ID_PROVEEDOR") ENABLE;
  ALTER TABLE "DBAUSER"."PROVEEDORES" MODIFY ("PRECIO_DE_VENTA" NOT NULL ENABLE);
  ALTER TABLE "DBAUSER"."PROVEEDORES" MODIFY ("COSTO_FABRICANTE" NOT NULL ENABLE);
  ALTER TABLE "DBAUSER"."PROVEEDORES" MODIFY ("DESCRIPCION" NOT NULL ENABLE);
  ALTER TABLE "DBAUSER"."PROVEEDORES" MODIFY ("CODIGO_PROVEEDOR" NOT NULL ENABLE);
--------------------------------------------------------
--  Constraints for Table HISTORIAL_VEHICULOS
--------------------------------------------------------

  ALTER TABLE "DBAUSER"."HISTORIAL_VEHICULOS" ADD CONSTRAINT "CK_ESTADO" CHECK (estado in ('NEW', 'TRADE', 'SOLD')) ENABLE;
  ALTER TABLE "DBAUSER"."HISTORIAL_VEHICULOS" ADD PRIMARY KEY ("ID_HISTORIAL_VEHICULOS") ENABLE;
--------------------------------------------------------
--  Constraints for Table IMPUESTOS
--------------------------------------------------------

  ALTER TABLE "DBAUSER"."IMPUESTOS" ADD PRIMARY KEY ("ID_IMPUESTO") ENABLE;
  ALTER TABLE "DBAUSER"."IMPUESTOS" MODIFY ("DESCRIPCION" NOT NULL ENABLE);
--------------------------------------------------------
--  Constraints for Table VENDEDORES
--------------------------------------------------------

  ALTER TABLE "DBAUSER"."VENDEDORES" ADD PRIMARY KEY ("ID_VENDEDOR") ENABLE;
--------------------------------------------------------
--  Constraints for Table OPCIONES
--------------------------------------------------------

  ALTER TABLE "DBAUSER"."OPCIONES" ADD PRIMARY KEY ("ID_OPCIONES") ENABLE;
  ALTER TABLE "DBAUSER"."OPCIONES" MODIFY ("DESCRIPCION" NOT NULL ENABLE);
  ALTER TABLE "DBAUSER"."OPCIONES" MODIFY ("CODIGO_OPCION" NOT NULL ENABLE);
--------------------------------------------------------
--  Constraints for Table FACTURA_DETALLE
--------------------------------------------------------

  ALTER TABLE "DBAUSER"."FACTURA_DETALLE" ADD PRIMARY KEY ("ID_FACTURA_DETALLE") ENABLE;
--------------------------------------------------------
--  Constraints for Table CLIENTES
--------------------------------------------------------

  ALTER TABLE "DBAUSER"."CLIENTES" ADD PRIMARY KEY ("ID_CLIENTE") ENABLE;
  ALTER TABLE "DBAUSER"."CLIENTES" MODIFY ("TELEFONO" NOT NULL ENABLE);
  ALTER TABLE "DBAUSER"."CLIENTES" MODIFY ("DIRECCION" NOT NULL ENABLE);
  ALTER TABLE "DBAUSER"."CLIENTES" MODIFY ("NOMBRE" NOT NULL ENABLE);
--------------------------------------------------------
--  Constraints for Table FACTURAS
--------------------------------------------------------

  ALTER TABLE "DBAUSER"."FACTURAS" ADD PRIMARY KEY ("ID_FACTURA") ENABLE;
  ALTER TABLE "DBAUSER"."FACTURAS" MODIFY ("FIRMA_CLIENTE" NOT NULL ENABLE);
  ALTER TABLE "DBAUSER"."FACTURAS" MODIFY ("PRECIO_FINAL" NOT NULL ENABLE);
  ALTER TABLE "DBAUSER"."FACTURAS" MODIFY ("PRECIO" NOT NULL ENABLE);
--------------------------------------------------------
--  Constraints for Table TIPO_DE_VEHICULOS
--------------------------------------------------------

  ALTER TABLE "DBAUSER"."TIPO_DE_VEHICULOS" ADD PRIMARY KEY ("ID_TIPO_VEHICULO") ENABLE;
  ALTER TABLE "DBAUSER"."TIPO_DE_VEHICULOS" MODIFY ("DESCRIPCION" NOT NULL ENABLE);
--------------------------------------------------------
--  Ref Constraints for Table CLIENTES
--------------------------------------------------------

  ALTER TABLE "DBAUSER"."CLIENTES" ADD FOREIGN KEY ("TIPO_DE_DOCUMENTO_ID")
	  REFERENCES "DBAUSER"."TIPO_DE_DOCUMENTOS" ("ID_TIPO_DE_DOCUMENTO") ENABLE;
--------------------------------------------------------
--  Ref Constraints for Table FACTURA_DETALLE
--------------------------------------------------------

  ALTER TABLE "DBAUSER"."FACTURA_DETALLE" ADD FOREIGN KEY ("FACTURA_ID")
	  REFERENCES "DBAUSER"."FACTURAS" ("ID_FACTURA") ENABLE;
  ALTER TABLE "DBAUSER"."FACTURA_DETALLE" ADD FOREIGN KEY ("OPCION_ID")
	  REFERENCES "DBAUSER"."OPCIONES" ("ID_OPCIONES") ENABLE;
--------------------------------------------------------
--  Ref Constraints for Table FACTURAS
--------------------------------------------------------

  ALTER TABLE "DBAUSER"."FACTURAS" ADD FOREIGN KEY ("CLIENTE_ID")
	  REFERENCES "DBAUSER"."CLIENTES" ("ID_CLIENTE") ENABLE;
  ALTER TABLE "DBAUSER"."FACTURAS" ADD FOREIGN KEY ("VENDEDOR_ID")
	  REFERENCES "DBAUSER"."VENDEDORES" ("ID_VENDEDOR") ENABLE;
  ALTER TABLE "DBAUSER"."FACTURAS" ADD FOREIGN KEY ("VEHICULO_ID")
	  REFERENCES "DBAUSER"."VEHICULOS" ("ID_VEHICULO") ENABLE;
  ALTER TABLE "DBAUSER"."FACTURAS" ADD FOREIGN KEY ("IMPUESTO_ID")
	  REFERENCES "DBAUSER"."VEHICULOS" ("ID_VEHICULO") ENABLE;
--------------------------------------------------------
--  Ref Constraints for Table HISTORIAL_VEHICULOS
--------------------------------------------------------

  ALTER TABLE "DBAUSER"."HISTORIAL_VEHICULOS" ADD FOREIGN KEY ("VEHICULO_ID")
	  REFERENCES "DBAUSER"."VEHICULOS" ("ID_VEHICULO") ENABLE;
--------------------------------------------------------
--  Ref Constraints for Table OPCIONES
--------------------------------------------------------

  ALTER TABLE "DBAUSER"."OPCIONES" ADD FOREIGN KEY ("PROVEEDOR_ID")
	  REFERENCES "DBAUSER"."PROVEEDORES" ("ID_PROVEEDOR") ENABLE;
--------------------------------------------------------
--  Ref Constraints for Table PROVEEDORES
--------------------------------------------------------

  ALTER TABLE "DBAUSER"."PROVEEDORES" ADD FOREIGN KEY ("TIPO_DE_DOCUMENTO_ID")
	  REFERENCES "DBAUSER"."TIPO_DE_DOCUMENTOS" ("ID_TIPO_DE_DOCUMENTO") ENABLE;
--------------------------------------------------------
--  Ref Constraints for Table VEHICULOS
--------------------------------------------------------

  ALTER TABLE "DBAUSER"."VEHICULOS" ADD FOREIGN KEY ("OPCION_ID")
	  REFERENCES "DBAUSER"."OPCIONES" ("ID_OPCIONES") ENABLE;
  ALTER TABLE "DBAUSER"."VEHICULOS" ADD FOREIGN KEY ("TIPO_VEHICULO_ID")
	  REFERENCES "DBAUSER"."TIPO_DE_VEHICULOS" ("ID_TIPO_VEHICULO") ENABLE;
--------------------------------------------------------
--  Ref Constraints for Table VENDEDORES
--------------------------------------------------------

  ALTER TABLE "DBAUSER"."VENDEDORES" ADD FOREIGN KEY ("TIPO_DE_DOCUMENTO_ID")
	  REFERENCES "DBAUSER"."TIPO_DE_DOCUMENTOS" ("ID_TIPO_DE_DOCUMENTO") ENABLE;
